﻿{"cameraMode":{"drawMode":0,"name":"Shaded","section":"Shading Mode"},"sceneLighting":true,"audioPlay":false,"sceneViewState":{"m_AlwaysRefresh":false,"showFog":true,"showSkybox":true,"showFlares":true,"showImageEffects":true,"showParticleSystems":true,"showVisualEffectGraphs":true,"m_FxEnabled":true},"in2DMode":false,"pivot":{"x":0.0,"y":1.0,"z":-10.0},"rotation":{"x":0.0029342486523091795,"y":0.9970556497573853,"z":-0.05120401829481125,"w":0.05719544366002083},"size":36.36516189575195,"orthographic":false}