﻿{"cameraMode":{"drawMode":0,"name":"Shaded","section":"Shading Mode"},"sceneLighting":true,"audioPlay":false,"sceneViewState":{"m_AlwaysRefresh":false,"showFog":true,"showSkybox":true,"showFlares":true,"showImageEffects":true,"showParticleSystems":true,"showVisualEffectGraphs":true,"m_FxEnabled":true},"in2DMode":false,"pivot":{"x":0.014745712280273438,"y":-0.041973114013671878,"z":0.014745712280273438},"rotation":{"x":-0.08773113042116165,"y":0.8992738723754883,"z":-0.2118016928434372,"w":-0.37249141931533816},"size":7.811295032501221,"orthographic":false}